rule_id,scientific_intent,protocol,schema,validator,reviewer_criteria,validity_criteria,builder_prompt,revision_prompt,revision_evaluator,status_by_source,materiality,task227_policy_violations,proposed_resolution,resolution_class,owner_adjudication_question
INPUT_ALLOWLIST,"Keep reference-instrument construction grounded only in the family's M0, raw E1, and the frozen authoring contract.","Each fresh builder sees only its family's M0, raw E1, schema, and prompt; held-out cases, targets, prior analyses and outcomes are excluded.",evidence.source_type is M0 or E1; source_locator is a non-empty string.,"With --family, each locator must occur literally in that family's frozen M0 or E1 file.",Each raw policy is reviewed against its own family M0/E1.,"Reviewer may use only policy, family M0/E1, and schema.","Explicit allowlist of one family's M0, E1, schema, and prompt.","Same allowlist; forbids prior outputs, targets, and sibling policies.","Only named family M0/E1, schema, criteria, and six policies.","{""builder_prompt"": ""equivalent"", ""protocol"": ""equivalent"", ""reviewer_criteria"": ""equivalent"", ""revision_evaluator"": ""equivalent"", ""revision_prompt"": ""equivalent"", ""schema"": ""equivalent"", ""validator"": ""equivalent"", ""validity_criteria"": ""equivalent""}",scientific_admissibility,No evidence that a policy used another family's M0/E1. Target-blind construction is independently verified by frozen packet/manifest; this matrix does not inspect held-out target content.,Keep the allowlist and make candidate-build tooling expose only these inputs.,KEEP_VALIDATOR_RULE,
FAMILY_SOURCE_LOCATOR_FORMAT,Make each evidence claim traceable to the exact source segment that supports it.,"Requires M0/E1-grounded rules and locators, but defines no locator grammar or canonical anchor form.",source_locator is any non-empty string.,Requires the complete locator string to be a literal substring of one source file.,Requires evidence support and row reasons; no exact locator syntax or matching algorithm.,Requires E1 source locators and evidence grounding; no exact locator syntax.,Use source locators from M0/E1; no grammar or literal-match requirement.,Requests evidence locators; no grammar or literal-match requirement.,Requests evidence locators and evidence grounding; no literal-match requirement.,"{""builder_prompt"": ""weaker"", ""protocol"": ""weaker"", ""reviewer_criteria"": ""weaker"", ""revision_evaluator"": ""weaker"", ""revision_prompt"": ""weaker"", ""schema"": ""weaker"", ""validator"": ""stronger"", ""validity_criteria"": ""weaker""}",could_change_scientific_admissibility,The exhaustive audit finds 23 source_locator strings across REF-01..REF-06 that are not literal substrings of their bound M0/E1 files. Some use compound section/anchor notation. All six policies therefore fail this validator predicate after earlier failures are passed.,"Do not decide whether literal substring matching, canonical section anchors, or line-addressable locators are normative. Require Owner to select a locator grammar and verification rule before changing either reviewer or machine gates.",OWNER_ADJUDICATION_REQUIRED,"Must every source_locator be a literal substring, or may it use structured file/section/observation anchors? If structured anchors are allowed, what exact parser and source revision binding proves them?"
SELECTOR_CONDITION_TYPES,"Prevent selectors from comparing undeclared, wrong-type, or wrong-unit inputs.","Calls for observable selector inputs and operational conditions, but does not spell out every type/unit check.",Declares input value_type/unit and condition operator/value/unit fields; condition value permits a broad JSON union.,"Checks input declaration, operator, value type, unit, numeric-comparison type, and ordered between values.",Requires operational selectors based on declared observable inputs.,Requires operational selector inputs and bounded applicability.,Requires declared input types/units and operator values matching them.,"Requires selector inputs, explicit conditions, and conjunction semantics.","Requires operational selectors and typed parameters, but has no separate action-parameter/input relation.","{""builder_prompt"": ""equivalent"", ""protocol"": ""weaker"", ""reviewer_criteria"": ""weaker"", ""revision_evaluator"": ""weaker"", ""revision_prompt"": ""equivalent"", ""schema"": ""weaker"", ""validator"": ""stronger"", ""validity_criteria"": ""weaker""}",scientific_admissibility,No typed selector-condition failures were found by the exhaustive audit.,Keep the checks and encode the full allowed condition/value/unit semantics in the Task228 contract.,KEEP_VALIDATOR_RULE,
ACTION_PARAMETER_INPUT_BINDING,Avoid operational actions applying parameters with the wrong type or unit.,Requires operational actions and typed selector inputs; action parameter/input relationships are not specified.,"actionSpec.parameters are only {name,value}; value is scalar or scalar array with no declared type/unit or input_id.",Checks selector condition typing but has no typed action-parameter-to-input predicate.,Operational action review; no exact parameter/input type-link rule.,"Operational completeness, without a parameter/input type-link definition.","Requires typed operation category, parameters, and typed selector conditions, but no binding grammar between action parameters and inputs.","Requires operational action details, without a parameter/input binding grammar.",Requests typed parameters but does not define when a parameter must match a selector input.,"{""builder_prompt"": ""weaker"", ""protocol"": ""silent"", ""reviewer_criteria"": ""weaker"", ""revision_evaluator"": ""weaker"", ""revision_prompt"": ""silent"", ""schema"": ""weaker"", ""validator"": ""silent"", ""validity_criteria"": ""silent""}",could_change_scientific_admissibility,Not encoded as a Task227 predicate; no failure can be scored without a normative relation between action parameters and selector inputs.,Do not invent a type-link rule during repair. Ask Owner whether action parameters require explicit type/unit declarations and when they must bind to selector input types.,OWNER_ADJUDICATION_REQUIRED,"Should action parameters have declared type/unit fields, and which parameter values must match a selector input's type/unit? Please specify handling for constants and derived parameters."
SELECTOR_ACTION_ONE_TO_ONE,"Ensure each selector outcome resolves to one and only one declared operational action, with no orphan or ambiguous action mapping.",Refers to linked semantic checks but does not fully state the bijection.,Selector rules carry action_ref; action rows are a separate array.,Requires a one-to-one mapping and equal coverage across selector rules and action rows.,"Requires operational selector/action linkage, but not orphan-action behavior.",Requires each operational selector to declare an action.,Requires each selector rule to link to exactly one action ID.,"Requires selector rules and actions, but not an explicit no-orphan action rule.",Requires each rule to reference a declared action.,"{""builder_prompt"": ""equivalent"", ""protocol"": ""weaker"", ""reviewer_criteria"": ""weaker"", ""revision_evaluator"": ""weaker"", ""revision_prompt"": ""weaker"", ""schema"": ""weaker"", ""validator"": ""stronger"", ""validity_criteria"": ""weaker""}",scientific_admissibility,No failures found.,Keep the bijection and state it explicitly in schema and reviewer criteria.,CLARIFY_REVIEWER_CRITERIA,
SELECTOR_ACTION_CONDITION_EQUALITY,Ensure the action executes on exactly the condition set that selected it.,Explains selector and action semantics but does not state their arrays must be byte/value-equal.,Stores selector-rule and action-row conditions separately.,Requires exact parsed equality.,Reviews declared selectors/actions; no exact equality check is stated.,Requires selectors and operational actions but not literal condition equality.,Explicitly requires identical selector-rule/action conditions.,Requires conditions and action details without repeating this exact equality rule.,Requires rules to reference actions but not exact selector/action equality.,"{""builder_prompt"": ""equivalent"", ""protocol"": ""weaker"", ""reviewer_criteria"": ""weaker"", ""revision_evaluator"": ""weaker"", ""revision_prompt"": ""weaker"", ""schema"": ""weaker"", ""validator"": ""stronger"", ""validity_criteria"": ""weaker""}",scientific_admissibility,No failures found.,Keep exact condition equality; make the frozen normative text and rubric explicit.,KEEP_VALIDATOR_RULE,
LICENSED_REGION_TO_SELECTOR_MAPPING,Ensure each licensed region is supported by one selector rule and every selector rule has exactly one licensed region.,Each licensed region copies exactly one selector rule's conditions.,rule_refs has minItems=1/maxItems=1; references are strings.,"Requires one known rule, unique mapping, complete coverage, and one region per selector rule.",Checks that each region copies its linked rule.,Explicitly requires exactly one linked selector rule per region.,Explicitly requires each licensed region to link to one selector rule.,Same exact one-rule region rule.,Checks one-to-one region/rule condition equality.,"{""builder_prompt"": ""equivalent"", ""protocol"": ""equivalent"", ""reviewer_criteria"": ""equivalent"", ""revision_evaluator"": ""equivalent"", ""revision_prompt"": ""equivalent"", ""schema"": ""weaker"", ""validator"": ""equivalent"", ""validity_criteria"": ""equivalent""}",scientific_admissibility,No failures found.,Keep rule and add explicit region/rule completeness to the Task228 schema/rubric.,KEEP_VALIDATOR_RULE,
LICENSED_REGION_CONDITION_EQUALITY,Prevent a licensed region from claiming a broader or different scope than its selector rule.,Explicitly says each licensed region copies its selector-rule conditions exactly.,Both conditions arrays are represented separately; no equality keyword constraint.,Requires exact parsed condition equality.,Broad bounded-applicability wording.,Explicitly requires exact condition copying.,Explicit exact copy requirement.,Explicit exact copy requirement.,Explicit exact copy requirement.,"{""builder_prompt"": ""equivalent"", ""protocol"": ""equivalent"", ""reviewer_criteria"": ""weaker"", ""revision_evaluator"": ""equivalent"", ""revision_prompt"": ""equivalent"", ""schema"": ""weaker"", ""validator"": ""equivalent"", ""validity_criteria"": ""equivalent""}",scientific_admissibility,No failures found.,Keep validator rule; align schema/test fixtures and reviewer rubric.,ALIGN_SCHEMA_OR_REVIEWER_TO_PROTOCOL,
REGION_COMPLEMENT_SEMANTICS,Make excluded applicability exhaustive without permitting an empty row to disguise partial exclusions.,An empty out-of-scope condition list denotes the full complement and may appear only once.,Empty conditions are allowed for out_of_scope; description states complement and sole-row semantics.,Requires an empty complement row to be the sole out-of-scope row.,Requires unmatched cases to route to fallback.,Explicit bounded applicability and complement handling.,Explicit sole empty complement row and alternatives as separate rows.,Explicit complement/fallback handling.,Explicit complement and excluded-region semantics.,"{""builder_prompt"": ""equivalent"", ""protocol"": ""equivalent"", ""reviewer_criteria"": ""weaker"", ""revision_evaluator"": ""equivalent"", ""revision_prompt"": ""equivalent"", ""schema"": ""equivalent"", ""validator"": ""equivalent"", ""validity_criteria"": ""equivalent""}",scientific_admissibility,No failures found.,Keep exact complement semantics.,KEEP_VALIDATOR_RULE,
PRESERVATION_MODE_SEMANTICS,Keep valid M0 behavior reachable without hiding it behind a new selector; additive behavior may coexist only on an identical selector condition set.,M0 remains available when the new selector does not apply; preservation modes may not hide a new-selector gate.,"Defines unconditional, selector_miss, and additive_coexistence modes and descriptions.",Requires empty when for unconditional/selector_miss; additive_coexistence must equal a selector condition set.,Scores preservation safety and whether M0 remains available.,Spells out mode-specific empty/equality behavior.,Spells out mode-specific behavior.,Spells out mode-specific behavior.,Spells out mode-specific behavior.,"{""builder_prompt"": ""equivalent"", ""protocol"": ""equivalent"", ""reviewer_criteria"": ""weaker"", ""revision_evaluator"": ""equivalent"", ""revision_prompt"": ""equivalent"", ""schema"": ""equivalent"", ""validator"": ""equivalent"", ""validity_criteria"": ""equivalent""}",scientific_admissibility,No mode/condition failures found; separate source-type failures are covered by PRESERVED_RULE_EVIDENCE_ORIGIN.,Keep mode semantics separate from the unresolved source-evidence-origin rule.,KEEP_VALIDATOR_RULE,
PRESERVED_RULE_EVIDENCE_ORIGIN,"Prove that an asserted preserved baseline action actually comes from M0, while retaining any legitimate E1 support for coexistence context.",Requires preservation of M0 actions and source-linked provenance but is silent on whether preserved-rule evidence may also cite E1.,evidence_refs is an untyped string list; both M0 and E1 IDs are accepted.,Requires every preserved-rule evidence_ref to be M0; rejects mixed M0/E1 lists.,Checks preservation safety and evidence support but does not say preserved_rule refs must be M0-only.,Requires explicit M0 preservation but does not define evidence_refs source-type restriction.,"Requires provenance for preserved rules with M0/E1 IDs and locators, without source-type exclusivity.","Requires preserved rules and evidence locators, without source-type exclusivity.","Requires M0 preservation and provenance, without source-type exclusivity.","{""builder_prompt"": ""weaker"", ""protocol"": ""silent"", ""reviewer_criteria"": ""weaker"", ""revision_evaluator"": ""weaker"", ""revision_prompt"": ""weaker"", ""schema"": ""weaker"", ""validator"": ""stronger"", ""validity_criteria"": ""weaker""}",could_change_scientific_admissibility,"First failure for REF-01, REF-03, REF-04, and REF-05; six preserved-rule reference occurrences include E1 or mixed M0/E1 evidence. Four human-reviewed policies were rejected at this predicate.",Stop. Owner must decide whether preserved-rule refs are M0-only or whether the representation needs separate mandatory M0-baseline and optional E1-context references. Do not remove E1 references or weaken the validator before that decision.,OWNER_ADJUDICATION_REQUIRED,"Must preserved_rules.evidence_refs be M0-only, or may additive_coexistence cite E1 alongside M0? If mixed citations are permitted, must every preserved rule have at least one M0 reference and a separate field for E1 context?"
M0_RETIREMENT,Prohibit retiring an original M0 action.,Says no M0 action may be retired or gated by the new selector.,m0_action_retired is const false.,Fails whenever retirement is not false.,Explicit preservation-safety dimension.,Explicit no-retirement preservation requirement.,Explicitly says do not retire original M0 action.,Requires retained applicable M0 rules.,Critical error for global retirement.,"{""builder_prompt"": ""equivalent"", ""protocol"": ""equivalent"", ""reviewer_criteria"": ""equivalent"", ""revision_evaluator"": ""equivalent"", ""revision_prompt"": ""equivalent"", ""schema"": ""equivalent"", ""validator"": ""equivalent"", ""validity_criteria"": ""equivalent""}",scientific_admissibility,No failures found.,Keep prohibition.,KEEP_VALIDATOR_RULE,
FALLBACK_UNIVERSALITY,"Route every excluded, unresolved, or unmatched input to a universal safe catch-all.",Explicit universal fallback; when must be empty.,fallback.when const []; description states catch-all semantics.,Rejects nonempty fallback.when.,Checks fallback/edge behavior.,Explicit universal fallback and unresolved stops.,Explicit universal fallback and empty when.,Explicit universal fallback and empty when.,Explicit universal fallback and safe edge behavior.,"{""builder_prompt"": ""equivalent"", ""protocol"": ""equivalent"", ""reviewer_criteria"": ""weaker"", ""revision_evaluator"": ""equivalent"", ""revision_prompt"": ""equivalent"", ""schema"": ""equivalent"", ""validator"": ""equivalent"", ""validity_criteria"": ""equivalent""}",scientific_admissibility,No failures found.,Keep exact universal catch-all requirement.,KEEP_VALIDATOR_RULE,
STOP_CONDITION_STRUCTURE,"Ensure unresolved, invalid, or unsafe cases have explicit stop or reacquisition behavior.",Requires explicit stop outcomes for unresolved inputs.,"Requires stop id, nonempty conditions, enumerated outcome, and instruction.","Checks structure, typed conditions, and allowed outcomes.",Checks fallback and edge behavior.,Explicit stop outcomes for unresolved inputs.,"Explicit fallback, stop outcomes, and provenance.",Explicit stop conditions.,Explicit stops and critical unsupported universalization/retirement.,"{""builder_prompt"": ""equivalent"", ""protocol"": ""equivalent"", ""reviewer_criteria"": ""weaker"", ""revision_evaluator"": ""equivalent"", ""revision_prompt"": ""equivalent"", ""schema"": ""equivalent"", ""validator"": ""equivalent"", ""validity_criteria"": ""equivalent""}",scientific_admissibility,No structure/type failures found.,Keep requirements; distinguish explicit stop conditions from the universal fallback.,KEEP_VALIDATOR_RULE,
SCOPE_CEILING_REGION_LICENSING,Prevent licensed claims from citing excluded or unmatched regions; keep non-established claims bounded to known regions.,Licensed scope claims cannot cite excluded regions.,Scope region_refs are strings; no semantic enum restriction.,Licensed claims must reference licensed IDs; not_established claims may reference any known licensed or excluded ID.,Checks boundedness and absence of unsupported universalization.,Requires licensed-only scope claims and a narrow ceiling.,Requires licensed claims to cite only licensed regions and limits for not_established claims.,Requires licensed/excluded applicability and scope ceiling.,Explicit licensed-only claims and bounded scope.,"{""builder_prompt"": ""equivalent"", ""protocol"": ""equivalent"", ""reviewer_criteria"": ""weaker"", ""revision_evaluator"": ""equivalent"", ""revision_prompt"": ""equivalent"", ""schema"": ""weaker"", ""validator"": ""equivalent"", ""validity_criteria"": ""equivalent""}",scientific_admissibility,No licensed-scope region failures found; three policy provenance IDs mismatch the validator's licensed/not_established type map.,Keep region licensing and define typed scope-claim provenance separately.,KEEP_VALIDATOR_RULE,
EVIDENCE_REFERENCE_INTEGRITY,Every evidence reference resolves to one uniquely identified M0/E1 source entry.,Requires evidence-grounded policy behavior and source locators.,Evidence refs are nonempty string arrays; schema does not enforce foreign keys.,Checks every reference resolves in evidence_basis and enforces source type for preserved-rule refs.,Requires evidence support and row-level reasons.,Requires every new rule/value to be supported by supplied E1 locators and evidence support.,"Requires source IDs/locators for selector, action, preserved, fallback, stop, region, and claims.",Requires evidence locators and provenance.,Requires evidence grounding and provenance.,"{""builder_prompt"": ""equivalent"", ""protocol"": ""weaker"", ""reviewer_criteria"": ""weaker"", ""revision_evaluator"": ""equivalent"", ""revision_prompt"": ""weaker"", ""schema"": ""weaker"", ""validator"": ""stronger"", ""validity_criteria"": ""equivalent""}",scientific_admissibility,Unknown evidence refs were not among exhaustive findings; family source-locator and preserved-source checks are separately listed.,Keep referential integrity; require distinct IDs and human semantic support.,KEEP_VALIDATOR_RULE,
EVIDENCE_IDENTIFIER_UNIQUENESS,Avoid ambiguous evidence references when policy elements cite an evidence ID.,Uses evidence IDs but does not say IDs must be globally unique.,No uniqueItems constraint across evidence_basis IDs.,Requires unique evidence IDs.,No explicit identifier-uniqueness check.,No explicit identifier-uniqueness check.,Requires evidence IDs and references but not explicit uniqueness.,Requires evidence locators without uniqueness wording.,Requires evidence provenance without uniqueness wording.,"{""builder_prompt"": ""weaker"", ""protocol"": ""weaker"", ""reviewer_criteria"": ""weaker"", ""revision_evaluator"": ""weaker"", ""revision_prompt"": ""weaker"", ""schema"": ""weaker"", ""validator"": ""stronger"", ""validity_criteria"": ""weaker""}",serialization_or_traceability,REF-02 reuses CE-F01-E1-R0 for distinct source-locator entries and fails the official first check.,Retain unique evidence IDs as referential-integrity normalization; encode it in schema and reviewer rubric without changing policy behavior.,SERIALIZATION_ONLY_NORMALIZATION,
PROVENANCE_TYPED_LINK_COVERAGE,Bind every operational and scope element to evidence through a type-correct provenance link.,Requires linked semantic checks but does not enumerate all typed-link pairs.,Provenance entries have element_type/id/evidence_refs/locator_detail; no completeness or foreign-key constraints.,"Requires known element type/id pairs, unique pairs, evidence refs, and typed coverage of every element.","Checks provenance, scope ceiling, and row-level reasons.",Requires provenance completeness and scope ceiling.,"Explicitly requires links for every selector, action, preserved rule, fallback, stop, region, and scope claim.",Requires provenance links for policy elements.,Requires provenance completeness.,"{""builder_prompt"": ""equivalent"", ""protocol"": ""weaker"", ""reviewer_criteria"": ""weaker"", ""revision_evaluator"": ""equivalent"", ""revision_prompt"": ""weaker"", ""schema"": ""weaker"", ""validator"": ""stronger"", ""validity_criteria"": ""equivalent""}",scientific_admissibility,REF-01/02/04/06 have unsupported scope/fallback provenance type IDs and/or omitted typed links.,Keep typed coverage; document canonical type-to-section mapping. Treat identifier spelling as a serialization convention only if Owner confirms the underlying claim semantics do not change.,SERIALIZATION_ONLY_NORMALIZATION,
FIXED_DENOMINATOR_AND_MISSINGNESS,Preserve the six-policy denominator and prevent missing or invalid policies from being counted as usable.,Fixed denominator six; missing/invalid/unusable artifacts count false.,Policy object requires all core fields; this schema alone does not encode the task denominator.,Rejects invalid objects; it does not alter the endpoint denominator.,Both reviewers must pass; fixed denominator six.,USABLE false unless both reviewers pass all dimensions.,One policy per task; no endpoint rule.,One output; no denominator rule.,Missing/invalid artifact is invalid; fixed six-row lock.,"{""builder_prompt"": ""silent"", ""protocol"": ""equivalent"", ""reviewer_criteria"": ""equivalent"", ""revision_evaluator"": ""equivalent"", ""revision_prompt"": ""silent"", ""schema"": ""weaker"", ""validator"": ""equivalent"", ""validity_criteria"": ""equivalent""}",scientific_admissibility,No denominator alteration or missingness substitution found in the bound lock.,Preserve the human usability endpoint and machine validator endpoint as distinct records; never convert one into the other.,KEEP_VALIDATOR_RULE,
MACHINE_VALIDITY_AND_HUMAN_SEMANTIC_AUDIT,Require formal structure and independent human semantic review as separate gates; one cannot substitute for the other.,Usable requires both independent reviewers across eight dimensions; official schema/semantic validation is a separate gate.,Machine-readable shape only.,Deterministic schema and cross-reference checks; no semantic evidence-support judgement.,Independent human evidence/operation/boundedness/preservation/fallback review.,Requires both reviewers to pass all eight dimensions.,"Describes policy-authoring constraints, not evaluator authority.",Authoring instructions only.,Separate Component B semantic validity dimensions.,"{""builder_prompt"": ""silent"", ""protocol"": ""equivalent"", ""reviewer_criteria"": ""equivalent"", ""revision_evaluator"": ""equivalent"", ""revision_prompt"": ""silent"", ""schema"": ""weaker"", ""validator"": ""weaker"", ""validity_criteria"": ""equivalent""}",scientific_admissibility,Locked human result is 3/6 usable; official validator result is 0/6 pass. Keep both facts unchanged; the difference is the object of this audit.,"Keep both gates, label each output precisely, and make reviewer criteria explicitly reference the reconciled normative contract.",CLARIFY_REVIEWER_CRITERIA,
